userId,fullName,email,mobile,role,district,state,createdAt
USR-1000,Kamala Thangavel,kamala.thangavel0@biosecure.in,+91 8328306011,Farmer,Hyderabad,Telangana,2026-06-17T00:00:00Z
USR-1001,Thenmozhi Murugan,thenmozhi.murugan1@biosecure.in,+91 9253407200,Farmer,Nizamabad,Telangana,2026-03-09T00:00:00Z
USR-1002,Nithya Patel,nithya.patel2@biosecure.in,+91 8902099969,Government Officer,Tirupati,Andhra Pradesh,2026-05-30T00:00:00Z
USR-1003,Sunil Marimuthu,sunil.marimuthu3@biosecure.in,+91 9488690725,Farmer,Hyderabad,Telangana,2026-02-26T00:00:00Z
USR-1004,Nithya Arumugam,nithya.arumugam4@biosecure.in,+91 6911514914,Farmer,Visakhapatnam,Andhra Pradesh,2026-01-13T00:00:00Z
USR-1005,Ramesh Nair,ramesh.nair5@biosecure.in,+91 7950488739,Farmer,Nizamabad,Telangana,2026-06-24T00:00:00Z
USR-1006,Sunil Balakrishnan,sunil.balakrishnan6@biosecure.in,+91 9509760584,Farmer,Erode,Tamil Nadu,2026-06-02T00:00:00Z
USR-1007,Saroja Arumugam,saroja.arumugam7@biosecure.in,+91 6830448745,Veterinarian,Kozhikode,Kerala,2026-07-04T00:00:00Z
USR-1008,Ramesh Sundaram,ramesh.sundaram8@biosecure.in,+91 8925276600,Farmer,Tirupati,Andhra Pradesh,2026-06-14T00:00:00Z
USR-1009,Latha Pillai,latha.pillai9@biosecure.in,+91 9269820594,Veterinarian,Thrissur,Kerala,2026-04-27T00:00:00Z
USR-1010,Ravi Palaniswamy,ravi.palaniswamy10@biosecure.in,+91 7645119047,Veterinarian,Kozhikode,Kerala,2026-08-22T00:00:00Z
USR-1011,Geetha Karuppasamy,geetha.karuppasamy11@biosecure.in,+91 8786066793,Farmer,Nizamabad,Telangana,2026-05-10T00:00:00Z
USR-1012,Meenakshi Sharma,meenakshi.sharma12@biosecure.in,+91 8918739736,Farmer,Madurai,Tamil Nadu,2026-02-11T00:00:00Z
USR-1013,Nirmala Ramasamy,nirmala.ramasamy13@biosecure.in,+91 6743111853,Farmer,Guntur,Andhra Pradesh,2026-03-24T00:00:00Z
USR-1014,Kiran Kumar,kiran.kumar14@biosecure.in,+91 8992994062,Veterinarian,Chennai,Tamil Nadu,2026-07-26T00:00:00Z
USR-1015,Indira Patel,indira.patel15@biosecure.in,+91 7709194872,Farmer,Salem,Tamil Nadu,2026-01-21T00:00:00Z
USR-1016,Vijay Palaniswamy,vijay.palaniswamy16@biosecure.in,+91 6916690353,Farmer,Visakhapatnam,Andhra Pradesh,2026-05-17T00:00:00Z
USR-1017,Annamalai Nair,annamalai.nair17@biosecure.in,+91 9690347116,Government Officer,Madurai,Tamil Nadu,2026-02-12T00:00:00Z
USR-1018,Malathi Arumugam,malathi.arumugam18@biosecure.in,+91 9327416584,Veterinarian,Warangal,Telangana,2026-08-26T00:00:00Z
USR-1019,Nirmala Ramasamy,nirmala.ramasamy19@biosecure.in,+91 8528414718,Farmer,Kochi,Kerala,2026-06-21T00:00:00Z
USR-1020,Kousalya Krishnan,kousalya.krishnan20@biosecure.in,+91 9229927269,Farmer,Vijayawada,Andhra Pradesh,2026-03-05T00:00:00Z
USR-1021,Dinesh Devi,dinesh.devi21@biosecure.in,+91 6731691672,Farmer,Bengaluru,Karnataka,2026-05-22T00:00:00Z
USR-1022,Revathi Venkatesh,revathi.venkatesh22@biosecure.in,+91 6176228245,Farmer,Thiruvananthapuram,Kerala,2026-07-01T00:00:00Z
USR-1023,Durai Raj,durai.raj23@biosecure.in,+91 6133729406,Admin,Thiruvananthapuram,Kerala,2026-08-09T00:00:00Z
USR-1024,Sathish Devi,sathish.devi24@biosecure.in,+91 7399012686,Veterinarian,Guntur,Andhra Pradesh,2026-06-21T00:00:00Z
USR-1025,Kiran Sharma,kiran.sharma25@biosecure.in,+91 7876693898,Farmer,Tirupati,Andhra Pradesh,2026-08-14T00:00:00Z
USR-1026,Sudha Venkatesh,sudha.venkatesh26@biosecure.in,+91 7942478695,Veterinarian,Visakhapatnam,Andhra Pradesh,2026-05-02T00:00:00Z
USR-1027,Vasumathi Selvam,vasumathi.selvam27@biosecure.in,+91 6204078666,Farmer,Kochi,Kerala,2026-06-18T00:00:00Z
USR-1028,Hema Krishnan,hema.krishnan28@biosecure.in,+91 9601463916,Government Officer,Mangaluru,Karnataka,2026-08-10T00:00:00Z
USR-1029,Mangai Raj,mangai.raj29@biosecure.in,+91 6165082363,Farmer,Karimnagar,Telangana,2026-04-14T00:00:00Z
USR-1030,Mangai Iyengar,mangai.iyengar30@biosecure.in,+91 7305718272,Farmer,Chennai,Tamil Nadu,2026-02-18T00:00:00Z
USR-1031,Gopal Rajan,gopal.rajan31@biosecure.in,+91 9297018781,Farmer,Madurai,Tamil Nadu,2026-03-13T00:00:00Z
USR-1032,Saroja Patel,saroja.patel32@biosecure.in,+91 9967607278,Farmer,Erode,Tamil Nadu,2026-08-09T00:00:00Z
USR-1033,Mahesh Pillai,mahesh.pillai33@biosecure.in,+91 6200140141,Farmer,Salem,Tamil Nadu,2026-08-26T00:00:00Z
USR-1034,Shankar Karuppasamy,shankar.karuppasamy34@biosecure.in,+91 7536383774,Veterinarian,Thiruvananthapuram,Kerala,2026-05-05T00:00:00Z
USR-1035,Mythili Sharma,mythili.sharma35@biosecure.in,+91 6276777762,Farmer,Hubli,Karnataka,2026-04-08T00:00:00Z
USR-1036,Ravi Murugan,ravi.murugan36@biosecure.in,+91 9406284028,Admin,Kozhikode,Kerala,2026-04-19T00:00:00Z
USR-1037,Tamilarasi Palaniswamy,tamilarasi.palaniswamy37@biosecure.in,+91 9266211829,Farmer,Tirupati,Andhra Pradesh,2026-02-18T00:00:00Z
USR-1038,Vasantha Sharma,vasantha.sharma38@biosecure.in,+91 6903132646,Government Officer,Salem,Tamil Nadu,2026-03-22T00:00:00Z
USR-1039,Deepa Raj,deepa.raj39@biosecure.in,+91 9639931481,Farmer,Hyderabad,Telangana,2026-08-24T00:00:00Z
USR-1040,Anitha Reddy,anitha.reddy40@biosecure.in,+91 6299528037,Farmer,Salem,Tamil Nadu,2026-01-18T00:00:00Z
USR-1041,Srinivas Devi,srinivas.devi41@biosecure.in,+91 7533550699,Farmer,Karimnagar,Telangana,2026-01-31T00:00:00Z
USR-1042,Naresh Patel,naresh.patel42@biosecure.in,+91 6765055833,Farmer,Hyderabad,Telangana,2026-01-21T00:00:00Z
USR-1043,Savitha Sundaram,savitha.sundaram43@biosecure.in,+91 8379995032,Farmer,Hyderabad,Telangana,2026-02-22T00:00:00Z
USR-1044,Saraswathi Annamalai,saraswathi.annamalai44@biosecure.in,+91 7385201412,Farmer,Bengaluru,Karnataka,2026-04-12T00:00:00Z
USR-1045,Kumar Sundaram,kumar.sundaram45@biosecure.in,+91 8590941149,Farmer,Nizamabad,Telangana,2026-03-22T00:00:00Z
USR-1046,Shankar Thangavel,shankar.thangavel46@biosecure.in,+91 6592080329,Farmer,Erode,Tamil Nadu,2026-06-09T00:00:00Z
USR-1047,Naresh Pillai,naresh.pillai47@biosecure.in,+91 7643189555,Farmer,Erode,Tamil Nadu,2026-03-09T00:00:00Z
USR-1048,Kumar Thangavel,kumar.thangavel48@biosecure.in,+91 6362298393,Farmer,Mysuru,Karnataka,2026-04-05T00:00:00Z
USR-1049,Mohan Reddy,mohan.reddy49@biosecure.in,+91 8756783995,Farmer,Vijayawada,Andhra Pradesh,2026-07-26T00:00:00Z
USR-1050,Kousalya Arumugam,kousalya.arumugam50@biosecure.in,+91 8812308209,Admin,Coimbatore,Tamil Nadu,2026-01-27T00:00:00Z
USR-1051,Nithya Naidu,nithya.naidu51@biosecure.in,+91 6897163846,Farmer,Chennai,Tamil Nadu,2026-05-22T00:00:00Z
USR-1052,Vani Naidu,vani.naidu52@biosecure.in,+91 7870530217,Farmer,Thrissur,Kerala,2026-03-29T00:00:00Z
USR-1053,Senthil Sundaram,senthil.sundaram53@biosecure.in,+91 8642678844,Farmer,Nizamabad,Telangana,2026-05-06T00:00:00Z
USR-1054,Rajesh Marimuthu,rajesh.marimuthu54@biosecure.in,+91 6781057736,Farmer,Salem,Tamil Nadu,2026-04-19T00:00:00Z
USR-1055,Padma Raj,padma.raj55@biosecure.in,+91 8927982963,Farmer,Coimbatore,Tamil Nadu,2026-02-03T00:00:00Z
USR-1056,Rajeswari Naidu,rajeswari.naidu56@biosecure.in,+91 9692362342,Farmer,Trichy,Tamil Nadu,2026-06-30T00:00:00Z
USR-1057,Sunil Subramanian,sunil.subramanian57@biosecure.in,+91 6180792472,Farmer,Coimbatore,Tamil Nadu,2026-08-15T00:00:00Z
USR-1058,Sekar Marimuthu,sekar.marimuthu58@biosecure.in,+91 6996139578,Farmer,Madurai,Tamil Nadu,2026-04-05T00:00:00Z
USR-1059,Prasad Subramanian,prasad.subramanian59@biosecure.in,+91 9236843584,Farmer,Madurai,Tamil Nadu,2026-01-11T00:00:00Z
USR-1060,Indira Krishnan,indira.krishnan60@biosecure.in,+91 8325567963,Farmer,Salem,Tamil Nadu,2026-06-24T00:00:00Z
USR-1061,Sumathi Sundaram,sumathi.sundaram61@biosecure.in,+91 8937643439,Farmer,Chennai,Tamil Nadu,2026-05-24T00:00:00Z
USR-1062,Vinod Balakrishnan,vinod.balakrishnan62@biosecure.in,+91 7274484941,Farmer,Madurai,Tamil Nadu,2026-07-24T00:00:00Z
USR-1063,Vasumathi Reddy,vasumathi.reddy63@biosecure.in,+91 6292587044,Farmer,Mangaluru,Karnataka,2026-07-08T00:00:00Z
USR-1064,Sathish Govindasamy,sathish.govindasamy64@biosecure.in,+91 7386480450,Veterinarian,Mangaluru,Karnataka,2026-02-10T00:00:00Z
USR-1065,Palani Annamalai,palani.annamalai65@biosecure.in,+91 9141580226,Farmer,Chennai,Tamil Nadu,2026-08-08T00:00:00Z
USR-1066,Vivek Patel,vivek.patel66@biosecure.in,+91 9475442872,Veterinarian,Kochi,Kerala,2026-03-20T00:00:00Z
USR-1067,Sarala Karuppasamy,sarala.karuppasamy67@biosecure.in,+91 7125409494,Farmer,Thiruvananthapuram,Kerala,2026-06-18T00:00:00Z
USR-1068,Ganesh Murugan,ganesh.murugan68@biosecure.in,+91 8174539964,Government Officer,Bengaluru,Karnataka,2026-07-17T00:00:00Z
USR-1069,Padma Krishnan,padma.krishnan69@biosecure.in,+91 9829627019,Farmer,Nizamabad,Telangana,2026-08-04T00:00:00Z
USR-1070,Gopal Iyengar,gopal.iyengar70@biosecure.in,+91 6380477683,Farmer,Coimbatore,Tamil Nadu,2026-02-15T00:00:00Z
USR-1071,Prasad Naidu,prasad.naidu71@biosecure.in,+91 6740563507,Admin,Salem,Tamil Nadu,2026-04-22T00:00:00Z
USR-1072,Manoj Palaniswamy,manoj.palaniswamy72@biosecure.in,+91 9750911797,Farmer,Bengaluru,Karnataka,2026-05-11T00:00:00Z
USR-1073,Ramesh Murugan,ramesh.murugan73@biosecure.in,+91 7373506211,Government Officer,Hyderabad,Telangana,2026-01-12T00:00:00Z
USR-1074,Rajan Selvam,rajan.selvam74@biosecure.in,+91 7491079829,Farmer,Coimbatore,Tamil Nadu,2026-04-21T00:00:00Z
USR-1075,Karthik Sundaram,karthik.sundaram75@biosecure.in,+91 8812306873,Government Officer,Bengaluru,Karnataka,2026-08-06T00:00:00Z
USR-1076,Saranya Palaniswamy,saranya.palaniswamy76@biosecure.in,+91 8816070802,Farmer,Thrissur,Kerala,2026-04-15T00:00:00Z
USR-1077,Jaya Murugan,jaya.murugan77@biosecure.in,+91 7305986733,Veterinarian,Thrissur,Kerala,2026-04-18T00:00:00Z
USR-1078,Saraswathi Murugan,saraswathi.murugan78@biosecure.in,+91 7760904107,Veterinarian,Karimnagar,Telangana,2026-05-26T00:00:00Z
USR-1079,Harish Murugan,harish.murugan79@biosecure.in,+91 6426283245,Veterinarian,Tirupati,Andhra Pradesh,2026-03-15T00:00:00Z
USR-1080,Senthil Selvam,senthil.selvam80@biosecure.in,+91 8599277266,Farmer,Hyderabad,Telangana,2026-04-24T00:00:00Z
USR-1081,Ajay Sundaram,ajay.sundaram81@biosecure.in,+91 9952266893,Farmer,Kochi,Kerala,2026-08-19T00:00:00Z
USR-1082,Sarala Palaniswamy,sarala.palaniswamy82@biosecure.in,+91 6404713332,Farmer,Trichy,Tamil Nadu,2026-05-12T00:00:00Z
USR-1083,Muthu Natarajan,muthu.natarajan83@biosecure.in,+91 8200273738,Government Officer,Warangal,Telangana,2026-07-29T00:00:00Z
USR-1084,Shankar Patel,shankar.patel84@biosecure.in,+91 8341206079,Admin,Karimnagar,Telangana,2026-07-26T00:00:00Z
USR-1085,Parvathi Nair,parvathi.nair85@biosecure.in,+91 6362897676,Farmer,Coimbatore,Tamil Nadu,2026-05-02T00:00:00Z
USR-1086,Chandran Karuppasamy,chandran.karuppasamy86@biosecure.in,+91 9545002643,Farmer,Erode,Tamil Nadu,2026-08-15T00:00:00Z
USR-1087,Durai Venkatesh,durai.venkatesh87@biosecure.in,+91 9630833445,Veterinarian,Kochi,Kerala,2026-04-13T00:00:00Z
USR-1088,Sumathi Nair,sumathi.nair88@biosecure.in,+91 6906341966,Farmer,Nizamabad,Telangana,2026-08-09T00:00:00Z
USR-1089,Annamalai Marimuthu,annamalai.marimuthu89@biosecure.in,+91 9334978881,Farmer,Chennai,Tamil Nadu,2026-02-15T00:00:00Z
USR-1090,Sundaram Annamalai,sundaram.annamalai90@biosecure.in,+91 9153921577,Government Officer,Guntur,Andhra Pradesh,2026-05-23T00:00:00Z
USR-1091,Sumathi Thangavel,sumathi.thangavel91@biosecure.in,+91 9243171768,Farmer,Chennai,Tamil Nadu,2026-07-25T00:00:00Z
USR-1092,Saroja Sundaram,saroja.sundaram92@biosecure.in,+91 8910943524,Farmer,Guntur,Andhra Pradesh,2026-08-17T00:00:00Z
USR-1093,Ajay Balakrishnan,ajay.balakrishnan93@biosecure.in,+91 9991816852,Farmer,Guntur,Andhra Pradesh,2026-08-21T00:00:00Z
USR-1094,Mahesh Rajan,mahesh.rajan94@biosecure.in,+91 9583258726,Farmer,Trichy,Tamil Nadu,2026-03-08T00:00:00Z
USR-1095,Shankar Patel,shankar.patel95@biosecure.in,+91 8922286180,Farmer,Nizamabad,Telangana,2026-07-19T00:00:00Z
USR-1096,Saravanan Pandian,saravanan.pandian96@biosecure.in,+91 7394846763,Government Officer,Nizamabad,Telangana,2026-04-23T00:00:00Z
USR-1097,Meena Annamalai,meena.annamalai97@biosecure.in,+91 7391751878,Farmer,Thrissur,Kerala,2026-03-27T00:00:00Z
USR-1098,Prakash Marimuthu,prakash.marimuthu98@biosecure.in,+91 6248578017,Farmer,Tirupati,Andhra Pradesh,2026-02-08T00:00:00Z
USR-1099,Revathi Murugan,revathi.murugan99@biosecure.in,+91 7168965204,Veterinarian,Madurai,Tamil Nadu,2026-04-17T00:00:00Z
USR-1100,Dr. Karthik Subramanian,karthik.subramanian1100@biosecure.in,+91 9876543210,Veterinarian,Coimbatore,Tamil Nadu,2026-03-15T00:00:00Z
USR-1101,Dr. Meena Krishnamurthy,meena.krishnamurthy1101@biosecure.in,+91 9876543211,Veterinarian,Tiruppur,Tamil Nadu,2026-04-22T00:00:00Z
USR-1102,Dr. Arun Kumaravel,arun.kumaravel1102@biosecure.in,+91 9876543212,Veterinarian,Erode,Tamil Nadu,2026-05-18T00:00:00Z
USR-1103,Dr. Priyanka Balaji,priyanka.balaji1103@biosecure.in,+91 9876543213,Veterinarian,Salem,Tamil Nadu,2026-06-11T00:00:00Z
